latitude,longitude,brightness,scan,track,acq_date,acq_time,satellite,instrument,confidence,version,bright_t31,frp,daynight,type,day
30.1138,80.0756,300,1.2,1.1,01-01-2022,511,Terra,MODIS,7,6.03,288.4,7.1,D,0,1
28.7111,96.1671,304.8,1,1,02-01-2022,415,Terra,MODIS,60,6.03,292.5,8.9,D,0,2
24.8075,86.8461,305.9,1.1,1,03-01-2022,459,Terra,MODIS,61,6.03,291.9,5.8,D,0,3
26.5417,95.0724,300.4,1.4,1.2,04-01-2022,404,Terra,MODIS,31,6.03,288.5,7,D,0,4
23.7969,87.0481,306.6,1,1,05-01-2022,447,Terra,MODIS,61,6.03,295,5.5,D,2,5
26.6378,95.0557,314.8,2.2,1.4,06-01-2022,351,Terra,MODIS,75,6.03,287.6,42.7,D,0,6
26.606,89.9087,306.4,1,1,07-01-2022,434,Terra,MODIS,48,6.03,294.8,4.8,D,0,7
22.9349,78.7157,309.6,1,1,08-01-2022,518,Terra,MODIS,63,6.03,293.7,6.5,D,0,8
26.6354,93.0022,305.7,1,1,09-01-2022,422,Terra,MODIS,0,6.03,294.9,5.6,D,2,9
26.4935,94.9513,319,4.3,1.9,10-01-2022,504,Terra,MODIS,79,6.03,288.9,135.2,D,0,10
26.7881,95.2114,310,1.1,1.1,11-01-2022,409,Terra,MODIS,31,6.03,285.4,8.7,D,0,11
23.7194,86.4466,301.9,1,1,12-01-2022,453,Terra,MODIS,27,6.03,285.2,1.8,D,2,12
26.3961,78.0744,314,1.1,1.1,13-01-2022,536,Terra,MODIS,74,6.03,288.7,15.2,D,0,13
20.8887,70.7462,309.5,2.3,1.5,14-01-2022,620,Terra,MODIS,61,6.03,296.3,19.2,D,0,14
22.7944,86.2191,311.1,2.7,1.6,15-01-2022,524,Terra,MODIS,26,6.03,287.7,29.4,D,2,15
28.1968,95.7334,307.2,1.1,1.1,16-01-2022,427,Terra,MODIS,65,6.03,292.8,7.1,D,0,16
23.7763,86.3914,307.8,1.6,1.2,17-01-2022,512,Terra,MODIS,40,6.03,296.2,10.4,D,2,17
28.871,96.0073,300.7,1,1,18-01-2022,415,Terra,MODIS,22,6.03,290.3,6.8,D,0,18
26.945,95.6129,322.6,3.7,1.8,19-01-2022,458,Terra,MODIS,82,6.03,286.4,149.5,D,0,19
23.9278,76.1305,312.2,1.1,1.1,20-01-2022,542,Terra,MODIS,69,6.03,296,10.1,D,0,20
26.3469,92.0833,300.2,1.3,1.1,21-01-2022,446,Terra,MODIS,0,6.03,287.3,3.2,D,0,21
22.974,78.8577,308.4,1.1,1.1,22-01-2022,530,Terra,MODIS,52,6.03,289.2,5.7,D,0,22
20.9495,85.0132,309.3,1.6,1.3,23-01-2022,436,Terra,MODIS,58,6.03,293.7,11.3,D,0,23
23.0357,79.3607,310.7,1,1,24-01-2022,518,Terra,MODIS,69,6.03,289.9,8.7,D,0,24
27.4749,72.2807,320.1,1.1,1.1,25-01-2022,600,Terra,MODIS,72,6.03,300.2,13.1,D,0,25
21.5023,81.6629,306.8,1,1,26-01-2022,506,Terra,MODIS,56,6.03,295.6,3.8,D,0,26
29.1931,75.8358,300.3,1.1,1.1,27-01-2022,547,Terra,MODIS,34,6.03,287.6,5.5,D,0,27
26.2787,91.9945,305.1,1.7,1.3,28-01-2022,452,Terra,MODIS,0,6.03,293.9,11.8,D,0,28
30.989,77.6014,306.1,1,1,29-01-2022,534,Terra,MODIS,63,6.03,288.1,7.7,D,0,29
26.6856,93.3207,301.8,1.3,1.1,30-01-2022,440,Terra,MODIS,0,6.03,291,5.6,D,0,30
30.7791,78.0643,302.4,1.1,1,31-01-2022,522,Terra,MODIS,45,6.03,288.4,6.1,D,0,31
26.7156,90.9257,311.4,1.1,1,01-02-2022,427,Terra,MODIS,65,6.03,292.7,10.3,D,0,32
30.1004,79.7986,300.8,1.2,1.1,02-02-2022,510,Terra,MODIS,34,6.03,286.4,7.5,D,0,33
28.2974,73.3719,321.4,1.1,1,03-02-2022,553,Terra,MODIS,49,6.03,293.9,12.6,D,0,34
23.164,82.3411,304.2,1.1,1,04-02-2022,459,Terra,MODIS,45,6.03,292.4,4.3,D,0,35
29.71,77.8313,302.6,1.2,1.1,05-02-2022,540,Terra,MODIS,53,6.03,288.4,6.5,D,0,36
26.4326,92.1418,300.5,1.4,1.2,06-02-2022,446,Terra,MODIS,0,6.03,285.6,3,D,0,37
31.0881,77.822,300.7,1,1,07-02-2022,528,Terra,MODIS,21,6.03,288.6,5.9,D,0,38
23.799,87.0529,311.7,1.3,1.1,08-02-2022,434,Terra,MODIS,61,6.03,300.1,8.3,D,2,39
26.7554,91.1123,313.2,3.8,1.8,09-02-2022,516,Terra,MODIS,57,6.03,289.6,74,D,0,40
22.0507,88.0974,312.3,1.7,1.3,10-02-2022,422,Terra,MODIS,0,6.03,291.8,13.5,D,2,41
25.3334,86.3202,306.5,1.2,1.1,11-02-2022,504,Terra,MODIS,0,6.03,294.7,7.2,D,0,42
32.1366,75.2953,307.9,1,1,12-02-2022,546,Terra,MODIS,66,6.03,292.1,8.1,D,0,43
25.29,91.726,303.6,1.7,1.3,13-02-2022,452,Terra,MODIS,43,6.03,291.7,8.1,D,0,44
26.6979,95.0906,308.5,1.7,1.3,14-02-2022,356,Terra,MODIS,67,6.03,293.5,16.1,D,0,45
26.7373,95.1503,351.7,1.6,1.3,15-02-2022,439,Terra,MODIS,97,6.03,294.5,133.9,D,0,46
26.7338,95.366,320.4,2.7,1.6,16-02-2022,344,Terra,MODIS,80,6.03,294,75,D,0,47
27.4105,94.9929,308.5,1.1,1,17-02-2022,427,Terra,MODIS,66,6.03,296.4,5,D,0,48
26.6516,94.9995,350.9,4.8,2,18-02-2022,332,Terra,MODIS,91,6.03,287.8,599.1,D,0,49
27.9715,95.4359,310.6,1,1,19-02-2022,414,Terra,MODIS,0,6.03,295.3,5,D,0,50
25.5642,91.2906,300.9,2,1.4,20-02-2022,458,Terra,MODIS,42,6.03,290.4,9.9,D,0,51
32.1591,75.314,315,1,1,21-02-2022,539,Terra,MODIS,75,6.03,293.9,11.8,D,0,52
27.0103,94.7957,304.8,2,1.4,22-02-2022,445,Terra,MODIS,60,6.03,293.1,9.7,D,0,53
31.4698,75.5598,303.6,1.2,1.1,23-02-2022,527,Terra,MODIS,56,6.03,288.8,5.3,D,0,54
26.8081,95.1748,421.1,1.3,1.1,24-02-2022,433,Terra,MODIS,87,6.03,302.9,608.3,D,0,55
29.413,79.0093,306.1,1.1,1,25-02-2022,515,Terra,MODIS,47,6.03,295.8,5.2,D,0,56
26.6353,93.0086,304.9,1,1,26-02-2022,421,Terra,MODIS,0,6.03,292.4,3.8,D,2,57
25.9852,86.4503,304,1.2,1.1,27-02-2022,504,Terra,MODIS,0,6.03,290.3,3,D,0,58
26.7429,93.3252,305.4,1.4,1.2,28-02-2022,408,Terra,MODIS,0,6.03,289.1,7.3,D,0,59
27.1112,84.1251,314,1.2,1.1,01-03-2022,451,Terra,MODIS,68,6.03,300.3,8,D,0,60
25.4843,94.26,318.5,1.9,1.3,02-03-2022,356,Terra,MODIS,76,6.03,295.2,37.1,D,0,61
28.9236,95.8149,310.5,1.7,1.3,03-03-2022,438,Terra,MODIS,70,6.03,289.4,21.7,D,0,62
29.6481,79.462,309.3,1,1,04-03-2022,521,Terra,MODIS,68,6.03,289.6,9.4,D,0,63
26.6809,94.6726,315.1,1.1,1,05-03-2022,426,Terra,MODIS,71,6.03,295.7,10.7,D,0,64
27.8106,81.4847,310.4,1,1,06-03-2022,509,Terra,MODIS,49,6.03,299.3,5.1,D,0,65
26.1675,94.2587,320.9,1.1,1,07-03-2022,414,Terra,MODIS,77,6.03,299.8,16,D,0,66
28.0758,96.0724,309.6,3.7,1.8,08-03-2022,456,Terra,MODIS,54,6.03,294.2,47.2,D,0,67
28.9183,95.9678,312.1,1.3,1.1,09-03-2022,401,Terra,MODIS,49,6.03,300.4,14.9,D,0,68
25.9599,92.3668,313.9,1.4,1.2,10-03-2022,445,Terra,MODIS,63,6.03,299.9,11,D,0,69
27.2437,92.5411,320.4,3.4,1.7,11-03-2022,349,Terra,MODIS,78,6.03,293.8,98.2,D,0,70
28.5757,94.1773,320.3,1.1,1.1,12-03-2022,432,Terra,MODIS,80,6.03,295.9,19.3,D,0,71
28.674,96.1375,312.2,3.3,1.7,13-03-2022,337,Terra,MODIS,54,6.03,294.9,52.5,D,0,72
28.7495,96.1981,315,1,1,14-03-2022,419,Terra,MODIS,43,6.03,297.3,12.7,D,0,73
28.0737,94.6353,304.8,3.8,1.8,15-03-2022,502,Terra,MODIS,53,6.03,291.4,30.4,D,0,74
28.1971,95.7917,322.8,1.1,1,16-03-2022,407,Terra,MODIS,82,6.03,300.5,17.1,D,0,75
27.4157,93.5445,306.5,2,1.4,17-03-2022,450,Terra,MODIS,63,6.03,293.6,16.7,D,0,76
27.4077,92.1627,314.3,2.8,1.6,18-03-2022,355,Terra,MODIS,67,6.03,298.3,39.4,D,0,77
26.1383,94.8789,314.7,1.6,1.3,19-03-2022,438,Terra,MODIS,68,6.03,304.1,19.4,D,0,78
33.3903,75.7442,322.4,1.5,1.2,20-03-2022,520,Terra,MODIS,81,6.03,299.6,28.4,D,0,79
25.6979,91.3268,314.4,1,1,21-03-2022,426,Terra,MODIS,56,6.03,298,8.1,D,0,80
31.5344,77.9089,314.2,1.6,1.3,22-03-2022,508,Terra,MODIS,28,6.03,303.2,19.2,D,0,81
27.6793,95.9769,311.3,1,1,23-03-2022,413,Terra,MODIS,61,6.03,297.9,5.4,D,0,82
29.4505,76.8791,311.2,2.9,1.6,24-03-2022,456,Terra,MODIS,50,6.03,299.6,23.1,D,2,83
25.8798,93.9175,313.8,1.6,1.2,25-03-2022,402,Terra,MODIS,45,6.03,296.7,11.1,D,0,84
25.8184,92.2526,316.7,1.4,1.2,26-03-2022,444,Terra,MODIS,65,6.03,300.6,12.6,D,0,85
27.199,92.3268,328,3.5,1.8,27-03-2022,349,Terra,MODIS,84,6.03,290.9,142.6,D,0,86
26.2756,94.2468,309.7,1.2,1.1,28-03-2022,432,Terra,MODIS,39,6.03,294,7.1,D,0,87
30.3096,79.6311,328.5,1.1,1,29-03-2022,514,Terra,MODIS,73,6.03,303.3,24.3,D,0,88
25.438,86.0613,316.9,2.6,1.6,30-03-2022,420,Terra,MODIS,67,6.03,296,36.3,D,2,89
28.1424,80.0727,319.5,1.3,1.1,31-03-2022,502,Terra,MODIS,61,6.03,304.4,10.3,D,0,90
32.3486,76.1118,317.1,1.1,1,01-04-2022,544,Terra,MODIS,51,6.03,302.1,10.6,D,0,91
22.0672,92.8334,324.9,2.3,1.5,02-04-2022,451,Terra,MODIS,78,6.03,293.4,60.9,D,0,92
33.9954,75.0548,306.9,1.1,1.1,03-04-2022,532,Terra,MODIS,39,6.03,292.4,5.9,D,0,93
25.5483,88.0493,320.3,1,1,04-04-2022,438,Terra,MODIS,68,6.03,304.8,8.7,D,0,94
33.2412,75.5901,315.1,1.5,1.2,05-04-2022,520,Terra,MODIS,40,6.03,297.9,14.8,D,0,95
24.8038,94.2638,325.8,1.1,1,06-04-2022,426,Terra,MODIS,79,6.03,297.4,19.9,D,0,96
28.971,79.5609,318.3,1.2,1.1,07-04-2022,508,Terra,MODIS,35,6.03,306.3,8.3,D,0,97
25.1883,94.4811,320.4,1,1,08-04-2022,414,Terra,MODIS,77,6.03,299,12.7,D,0,98
28.5462,80.4473,320.6,1.6,1.2,09-04-2022,456,Terra,MODIS,66,6.03,305.1,12.5,D,0,99
34.1861,74.1796,313.4,1.1,1,10-04-2022,538,Terra,MODIS,36,6.03,296.1,7,D,0,100
27.1606,83.3748,325.9,1.6,1.2,11-04-2022,444,Terra,MODIS,75,6.03,302.1,22.3,D,0,101
31.0327,77.6329,306.1,1,1,12-04-2022,526,Terra,MODIS,42,6.03,288.1,5.5,D,0,102
27.2435,82.7616,319.2,2.8,1.6,13-04-2022,432,Terra,MODIS,48,6.03,296.6,25.2,D,0,103
31.1911,77.2134,313.9,1.4,1.2,14-04-2022,514,Terra,MODIS,39,6.03,299.8,9.8,D,0,104
27.7219,92.4539,301.9,1.1,1,15-04-2022,419,Terra,MODIS,0,6.03,284.6,4.7,D,0,105
30.2763,79.216,316.5,1.6,1.2,16-04-2022,502,Terra,MODIS,51,6.03,301.5,13.4,D,0,106
26.312,93.6142,311.9,1.3,1.1,17-04-2022,407,Terra,MODIS,61,6.03,296.8,8.4,D,0,107
30.332,78.9424,327.9,2.7,1.6,18-04-2022,449,Terra,MODIS,80,6.03,303,77.3,D,0,108
30.4415,78.6146,314,1.1,1,19-04-2022,532,Terra,MODIS,32,6.03,302,4.3,D,0,109
25.2002,83.9738,329,1.7,1.3,20-04-2022,438,Terra,MODIS,63,6.03,312.7,12.5,D,0,110
30.3071,78.3014,319.6,1,1,21-04-2022,520,Terra,MODIS,62,6.03,302.4,9.4,D,0,111
27.3845,83.4275,319.2,3.3,1.7,22-04-2022,425,Terra,MODIS,45,6.03,294,36.2,D,0,112
32.5309,75.0447,324,2.5,1.5,23-04-2022,507,Terra,MODIS,74,6.03,304.1,34.8,D,0,113
25.3966,92.9634,342.4,1.2,1.1,24-04-2022,413,Terra,MODIS,91,6.03,301.8,49.9,D,0,114
30.7449,78.3754,316.1,2.3,1.5,25-04-2022,455,Terra,MODIS,61,6.03,298.5,27.5,D,0,115
25.181,94.4791,311.2,1.4,1.2,26-04-2022,401,Terra,MODIS,32,6.03,298.2,6.5,D,0,116
29.25,79.9225,313,2.9,1.6,27-04-2022,443,Terra,MODIS,30,6.03,300.6,21.2,D,0,117
32.5636,74.7182,331.7,1.3,1.2,28-04-2022,525,Terra,MODIS,76,6.03,312.8,18.9,D,0,118
26.1395,94.8733,312.4,1.3,1.1,29-04-2022,431,Terra,MODIS,63,6.03,300.6,12.4,D,0,119
31.5026,77.6535,324,1.3,1.1,30-04-2022,513,Terra,MODIS,31,6.03,301.3,20.1,D,0,120
26.5033,83.478,317.6,4.1,1.9,01-05-2022,419,Terra,MODIS,66,6.03,296,46.2,D,0,121
32.9733,74.3623,319.5,3.6,1.8,02-05-2022,501,Terra,MODIS,69,6.03,299.5,48.4,D,0,122
31.8003,75.0577,321.5,1,1,03-05-2022,544,Terra,MODIS,62,6.03,299,6.9,D,0,123
28.07,81.3066,323.1,1.7,1.3,04-05-2022,449,Terra,MODIS,69,6.03,299.4,22.6,D,0,124
32.63,74.7313,327.9,1.1,1.1,05-05-2022,531,Terra,MODIS,74,6.03,308.1,11.1,D,2,125
26.548,93.5546,311,1.3,1.1,06-05-2022,437,Terra,MODIS,52,6.03,295.9,6.8,D,0,126
27.8067,95.5378,316.9,2.7,1.6,07-05-2022,342,Terra,MODIS,54,6.03,298.9,30.8,D,0,127
27.7485,94.366,317.8,1,1,08-05-2022,424,Terra,MODIS,72,6.03,296,10.4,D,0,128
31.7841,75.498,321.4,2.3,1.5,09-05-2022,507,Terra,MODIS,66,6.03,299.3,24,D,0,129
30.9368,76.1013,329,1.3,1.1,10-05-2022,550,Terra,MODIS,75,6.03,305.5,12.6,D,0,130
27.8923,81.5468,326.6,1.3,1.1,11-05-2022,455,Terra,MODIS,72,6.03,300.7,10.7,D,0,131
32.634,74.6627,336.4,1,1,12-05-2022,537,Terra,MODIS,80,6.03,313.5,17,D,0,132
22.792,86.2025,325,1,1,13-05-2022,444,Terra,MODIS,34,6.03,305.7,8.6,D,2,133
30.4072,75.3402,333.6,1.2,1.1,14-05-2022,525,Terra,MODIS,65,6.03,318.2,10.7,D,0,134
27.4209,81.4237,322,3.5,1.8,15-05-2022,431,Terra,MODIS,51,6.03,302.8,49.6,D,0,135
33.2292,74.0294,324.6,2.4,1.5,16-05-2022,512,Terra,MODIS,71,6.03,305.8,32,D,0,136
20.9646,85.1752,321.4,2.6,1.6,17-05-2022,420,Terra,MODIS,61,6.03,297.4,28.7,D,2,137
27.4157,81.4084,332.4,1.1,1.1,18-05-2022,501,Terra,MODIS,70,6.03,307.1,14.4,D,0,138
32.6198,75.4295,325.4,1,1,19-05-2022,543,Terra,MODIS,67,6.03,308.7,7.5,D,0,139
26.3435,79.1149,328.2,2.3,1.5,20-05-2022,449,Terra,MODIS,29,6.03,300.2,39.6,D,0,140
33.1293,74.251,325.6,1.2,1.1,21-05-2022,531,Terra,MODIS,59,6.03,308,8.2,D,0,141
26.7126,93.0957,312.5,1.3,1.1,22-05-2022,436,Terra,MODIS,59,6.03,292.6,6.1,D,0,142
32.1878,75.6006,322.1,1.5,1.2,23-05-2022,518,Terra,MODIS,75,6.03,301.8,14.2,D,0,143
18.7598,83.8088,321.6,1.4,1.2,24-05-2022,735,Aqua,MODIS,56,6.03,302.9,12.4,D,0,144
27.08,81.7673,326,1,1,25-05-2022,507,Terra,MODIS,69,6.03,305.3,9.3,D,0,145
23.6759,69.2428,330.5,1,1,26-05-2022,551,Terra,MODIS,51,6.03,307.9,10.1,D,0,146
26.5312,83.5833,334.3,1.1,1,27-05-2022,455,Terra,MODIS,75,6.03,310.2,11.4,D,0,147
32.228,75.3765,327.3,1,1,28-05-2022,537,Terra,MODIS,68,6.03,304.9,7.9,D,0,148
28.5515,95.2132,324.4,2,1.4,29-05-2022,442,Terra,MODIS,83,6.03,290.2,52.6,D,0,149
31.9192,74.7106,321.3,1.3,1.1,30-05-2022,524,Terra,MODIS,24,6.03,286.7,13.8,D,0,150
27.8044,95.5343,322,1.3,1.1,31-05-2022,429,Terra,MODIS,44,6.03,301.4,14.6,D,0,151
29.5743,79.3995,319.8,1.1,1,01-06-2022,512,Terra,MODIS,32,6.03,305.7,5,D,0,152
31.551,76.4489,326.7,1.6,1.3,02-06-2022,555,Terra,MODIS,73,6.03,310.6,23,D,0,153
27.1071,82.6027,330.3,1,1,03-06-2022,501,Terra,MODIS,73,6.03,302,10.1,D,0,154
31.5395,76.4957,329.6,1.1,1.1,04-06-2022,542,Terra,MODIS,78,6.03,312.2,14.5,D,0,155
27.8076,95.5381,311.6,2.7,1.6,05-06-2022,448,Terra,MODIS,16,6.03,287.6,26.4,D,0,156
33.2593,74.0783,331.9,1.2,1.1,06-06-2022,530,Terra,MODIS,55,6.03,315,15.4,D,0,157
30.3384,80.0923,320.9,3.8,1.8,07-06-2022,435,Terra,MODIS,64,6.03,294.9,96.8,D,0,158
30.1484,78.6743,324.1,1,1,08-06-2022,518,Terra,MODIS,65,6.03,306,8.6,D,0,159
33.3322,74.1176,326.5,1.4,1.2,09-06-2022,600,Terra,MODIS,66,6.03,308,14.7,D,0,160
33.1723,74.7794,321.8,2.7,1.6,10-06-2022,505,Terra,MODIS,58,6.03,303.4,34.2,D,0,161
33.518,74.1617,323.7,1,1,11-06-2022,548,Terra,MODIS,39,6.03,305.9,8.3,D,0,162
23.7757,86.208,325.2,1.1,1,12-06-2022,455,Terra,MODIS,65,6.03,306.2,11.5,D,2,163
31.1981,75.2394,332.2,1,1,13-06-2022,536,Terra,MODIS,66,6.03,307.6,13.7,D,0,164
25.5909,86.5847,321.3,1,1,14-06-2022,442,Terra,MODIS,59,6.03,291.1,10.3,D,0,165
33.5157,75.8724,396.5,1.2,1.1,15-06-2022,523,Terra,MODIS,100,6.03,307.2,299.9,D,0,166
20.2849,86.6718,316.5,1.2,1.1,16-06-2022,431,Terra,MODIS,21,6.03,290.1,8.6,D,0,167
20.0064,85.7093,309,2.2,1.4,17-06-2022,514,Terra,MODIS,57,6.03,275.9,13.3,D,0,168
20.2778,86.6622,322.4,1.3,1.1,18-06-2022,725,Aqua,MODIS,62,6.03,295.6,15,D,2,169
21.0782,85.0371,316.5,1.2,1.1,19-06-2022,502,Terra,MODIS,66,6.03,295.1,7.8,D,2,170
23.5756,69.5644,327.8,1.1,1.1,20-06-2022,544,Terra,MODIS,57,6.03,299.7,13.4,D,0,171
20.9628,85.1832,318.7,1,1,21-06-2022,449,Terra,MODIS,65,6.03,295.7,7.8,D,2,172
28.4507,80.4175,324.7,1.4,1.2,22-06-2022,530,Terra,MODIS,0,6.03,304.2,18.5,D,0,173
23.7784,86.3904,322,1.2,1.1,23-06-2022,436,Terra,MODIS,55,6.03,294.8,10.8,D,2,174
28.8469,79.4432,330.8,1,1,24-06-2022,518,Terra,MODIS,77,6.03,306.2,12.8,D,0,175
20.9593,85.1734,315.3,1.3,1.1,25-06-2022,730,Aqua,MODIS,18,6.03,288.3,10.4,D,2,176
29.4508,75.5604,320.2,2.2,1.4,26-06-2022,506,Terra,MODIS,47,6.03,301.1,15.9,D,0,177
20.9654,85.1712,312.2,3.4,1.7,27-06-2022,412,Terra,MODIS,50,6.03,287.1,32.4,D,2,178
21.7541,84.0256,317.9,1,1,28-06-2022,455,Terra,MODIS,68,6.03,290.6,6.9,D,2,179
31.0989,75.3409,319.4,1,1,29-06-2022,536,Terra,MODIS,50,6.03,298.5,5.6,D,0,180
23.7922,86.3553,310.7,1,1,30-06-2022,442,Terra,MODIS,15,6.03,277.9,5,D,2,181
23.7302,85.0249,311.7,2.8,1.6,01-07-2022,525,Terra,MODIS,36,6.03,283.3,23.6,D,0,182
29.1862,74.9178,313.7,2.3,1.5,02-07-2022,607,Terra,MODIS,16,6.03,290.5,22.1,D,0,183
28.14,81.1208,317.5,1,1,03-07-2022,512,Terra,MODIS,54,6.03,293.9,9.2,D,0,184
28.17,94.7983,318.9,1,1,04-07-2022,416,Terra,MODIS,41,6.03,297.6,8.2,D,0,185
23.7629,86.3999,319.3,1.3,1.1,05-07-2022,500,Terra,MODIS,36,6.03,296.1,10.9,D,2,186
27.2128,71.3583,331.6,1.1,1,06-07-2022,543,Terra,MODIS,40,6.03,304.6,14.3,D,0,187
27.9832,94.2248,311.9,2.2,1.4,07-07-2022,447,Terra,MODIS,62,6.03,293.8,16.7,D,0,188
31.6667,75.6343,318.9,1,1,08-07-2022,529,Terra,MODIS,69,6.03,297.2,6.6,D,0,189
27.9828,94.2187,314.2,1.4,1.2,09-07-2022,434,Terra,MODIS,67,6.03,297.6,10.2,D,0,190
23.8044,86.3288,315.1,2.7,1.6,10-07-2022,519,Terra,MODIS,45,6.03,292.2,32.9,D,2,191
28.0432,78.7207,316.9,3.6,1.8,11-07-2022,600,Terra,MODIS,20,6.03,293.2,47,D,0,192
13.4683,79.044,308.1,1,1,12-07-2022,509,Terra,MODIS,51,6.03,286.1,3.7,D,0,193
27.6289,79.1961,323.9,2.4,1.5,13-07-2022,548,Terra,MODIS,57,6.03,297.1,37.6,D,0,194
27.8103,95.5309,315.9,3.5,1.8,14-07-2022,452,Terra,MODIS,0,6.03,296.4,38.7,D,0,195
28.4553,80.363,316.4,1.7,1.3,15-07-2022,536,Terra,MODIS,36,6.03,297,15.2,D,0,196
28.1665,95.8188,308.4,2.2,1.4,16-07-2022,440,Terra,MODIS,44,6.03,289.7,16.2,D,0,197
28.0291,96.0624,314.6,1.9,1.4,17-07-2022,345,Terra,MODIS,47,6.03,290.6,15.1,D,0,198
23.6763,86.0878,318.5,1.5,1.2,18-07-2022,429,Terra,MODIS,61,6.03,295.8,13.5,D,2,199
27.6441,79.2645,326.7,1,1,19-07-2022,511,Terra,MODIS,67,6.03,299.4,12.8,D,0,200
23.7719,86.1987,316.3,1.6,1.2,20-07-2022,720,Aqua,MODIS,53,6.03,289.3,11.8,D,2,201
15.5347,79.9777,327.1,1,1,21-07-2022,502,Terra,MODIS,74,6.03,296.5,12.8,D,0,202
9.565,78.3152,316.5,1.6,1.2,23-07-2022,452,Terra,MODIS,63,6.03,293.3,11.3,D,0,204
30.3584,77.8492,315.1,1,1,24-07-2022,529,Terra,MODIS,57,6.03,293,5.8,D,2,205
29.7102,73.9576,317.1,2.5,1.5,25-07-2022,612,Terra,MODIS,50,6.03,291.4,24.3,D,0,206
29.8729,75.6719,318.1,1.4,1.2,26-07-2022,517,Terra,MODIS,64,6.03,293.3,11.9,D,0,207
20.9581,85.1832,317.5,2,1.4,27-07-2022,423,Terra,MODIS,55,6.03,294.7,20,D,2,208
23.7971,86.3499,322,1.6,1.2,28-07-2022,505,Terra,MODIS,54,6.03,295.1,18,D,2,209
20.4014,85.5165,314.4,3,1.6,29-07-2022,711,Aqua,MODIS,49,6.03,292.7,33.4,D,0,210
20.7915,85.2577,316.2,1.1,1,30-07-2022,454,Terra,MODIS,42,6.03,293.9,6.8,D,2,211
22.7609,77.6636,314.2,1.4,1.2,31-07-2022,537,Terra,MODIS,56,6.03,291.4,9.6,D,0,212
20.9601,85.1711,312.7,1.1,1,01-08-2022,442,Terra,MODIS,53,6.03,282,6.7,D,2,213
14.5675,79.7543,316.3,1.7,1.3,02-08-2022,526,Terra,MODIS,30,6.03,292.9,13.7,D,0,214
23.1128,72.0243,315.1,2,1.4,03-08-2022,607,Terra,MODIS,32,6.03,291.8,18.9,D,0,215
20.4175,85.0488,308.5,1.9,1.4,04-08-2022,512,Terra,MODIS,33,6.03,282.2,10,D,0,216
20.9629,85.1811,313.7,2.7,1.6,05-08-2022,417,Terra,MODIS,60,6.03,290.6,20.3,D,2,217
23.6932,87.1183,314.2,1.4,1.2,06-08-2022,459,Terra,MODIS,60,6.03,288.3,9.1,D,2,218
29.5916,73.4363,320.7,1,1,07-08-2022,541,Terra,MODIS,50,6.03,293.8,8.5,D,0,219
29.3157,73.8638,313.6,4.1,1.9,08-08-2022,624,Terra,MODIS,32,6.03,287.6,49.1,D,0,220
30.2655,75.239,313.2,1,1,09-08-2022,528,Terra,MODIS,21,6.03,289.4,5.7,D,2,221
30.1058,73.8458,319.8,2.4,1.5,10-08-2022,611,Terra,MODIS,39,6.03,297,27.2,D,0,222
17.1915,78.3596,313.1,1.1,1,11-08-2022,520,Terra,MODIS,57,6.03,292.3,7.4,D,0,223
26.5697,92.835,319.4,1,1,12-08-2022,421,Terra,MODIS,0,6.03,296.7,8.9,D,0,224
23.6813,86.0914,315.9,1.6,1.2,13-08-2022,505,Terra,MODIS,32,6.03,290.2,12.5,D,2,225
30.4168,73.9282,321.9,1.8,1.3,14-08-2022,848,Aqua,MODIS,41,6.03,295.3,22.5,D,0,226
8.8735,77.9038,330.4,1.3,1.1,15-08-2022,457,Terra,MODIS,80,6.03,303.3,13.3,D,0,227
25.7871,84.3585,317.3,3.7,1.8,16-08-2022,535,Terra,MODIS,11,6.03,292.8,43.9,D,0,228
27.804,95.5493,318.9,2.2,1.4,17-08-2022,439,Terra,MODIS,0,6.03,294.6,26.5,D,0,229
11.1054,77.9798,314.7,1.5,1.2,18-08-2022,527,Terra,MODIS,34,6.03,294,8.2,D,0,230
26.5257,92.3684,315.3,1,1,19-08-2022,427,Terra,MODIS,0,6.03,296.7,6,D,0,231
26.548,92.7781,313.1,3.8,1.8,20-08-2022,630,Aqua,MODIS,38,6.03,289.8,37.6,D,0,232
26.8468,94.0176,317.8,1,1,21-08-2022,415,Terra,MODIS,0,6.03,298.3,7,D,0,233
21.8039,84.0385,315.7,1.1,1,22-08-2022,459,Terra,MODIS,63,6.03,295.6,7,D,2,234
29.7626,76.5616,314.2,1.2,1.1,23-08-2022,540,Terra,MODIS,47,6.03,297.7,7.4,D,2,235
27.9868,94.2246,309.9,2.2,1.4,24-08-2022,445,Terra,MODIS,61,6.03,294.4,14.8,D,0,236
29.0453,79.6849,315.8,1.2,1.1,25-08-2022,528,Terra,MODIS,44,6.03,296.9,8.7,D,0,237
26.1558,90.4255,318.4,1,1,26-08-2022,433,Terra,MODIS,67,6.03,296.4,7.9,D,0,238
27.2774,83.8519,315.5,1.5,1.2,27-08-2022,516,Terra,MODIS,49,6.03,295.7,11.9,D,0,239
20.9622,85.1755,317,2,1.4,28-08-2022,423,Terra,MODIS,45,6.03,290.8,19.9,D,2,240
24.1637,82.6832,313.9,1,1,29-08-2022,505,Terra,MODIS,60,6.03,292.8,5.6,D,0,241
26.3456,92.0826,316.4,1.3,1.1,30-08-2022,409,Terra,MODIS,0,6.03,291.9,9.8,D,0,242
25.799,77.2726,313.6,2.4,1.5,31-08-2022,452,Terra,MODIS,35,6.03,292.6,19,D,0,243
30.9008,77.0992,311.9,1.1,1,01-09-2022,534,Terra,MODIS,49,6.03,297.1,6.7,D,0,244
22.5672,88.1817,323.5,1,1,02-09-2022,440,Terra,MODIS,45,6.03,301.1,11.3,D,2,245
25.4123,79.4459,322.7,1.1,1.1,03-09-2022,523,Terra,MODIS,74,6.03,294.8,15.4,D,0,246
20.9731,86.0062,318.9,1.4,1.2,04-09-2022,429,Terra,MODIS,36,6.03,296.8,12,D,0,247
20.9722,85.1491,314.5,2,1.4,05-09-2022,511,Terra,MODIS,34,6.03,294.1,14.8,D,2,248
26.0368,76.3819,314.4,2.1,1.4,06-09-2022,553,Terra,MODIS,44,6.03,296.2,15.4,D,0,249
25.1746,84.4865,316.2,1,1,07-09-2022,458,Terra,MODIS,39,6.03,295.5,6.7,D,0,250
24.4928,93.9852,312.7,1.2,1.1,08-09-2022,403,Terra,MODIS,50,6.03,293.6,8.2,D,2,251
23.7904,86.354,321.3,1,1,09-09-2022,446,Terra,MODIS,70,6.03,297.5,10.1,D,2,252
28.025,77.5956,318.3,1,1,10-09-2022,528,Terra,MODIS,57,6.03,299,9.6,D,0,253
27.9824,94.2268,310.2,1.4,1.2,11-09-2022,432,Terra,MODIS,63,6.03,296.5,8,D,0,254
28.7359,80.1678,317.4,1,1,12-09-2022,516,Terra,MODIS,64,6.03,297.8,9,D,0,255
30.0867,74.0412,321,1.1,1,15-09-2022,546,Terra,MODIS,68,6.03,301.7,10.6,D,0,258
23.7915,86.3551,318.2,1.1,1,16-09-2022,452,Terra,MODIS,71,6.03,292.6,9.5,D,2,259
29.4549,76.8671,314.3,1.1,1,17-09-2022,534,Terra,MODIS,18,6.03,298.1,6.3,D,2,260
23.8029,87.0502,316.2,1,1,18-09-2022,440,Terra,MODIS,68,6.03,294.1,7.5,D,2,261
31.3103,75.3418,322,1.2,1.1,19-09-2022,521,Terra,MODIS,72,6.03,300.9,16.4,D,0,262
23.0134,70.1,317.6,1.1,1.1,20-09-2022,855,Aqua,MODIS,29,6.03,297.9,5.9,D,0,263
23.6852,86.4003,309.9,2.1,1.4,21-09-2022,510,Terra,MODIS,46,6.03,291.4,14,D,2,264
24.7242,94.0596,325.1,1,1,22-09-2022,414,Terra,MODIS,81,6.03,294,17.3,D,0,265
23.7573,85.8634,314.2,1.2,1.1,23-09-2022,458,Terra,MODIS,61,6.03,296.9,9.6,D,0,266
18.7715,74.2693,317.3,1.3,1.1,24-09-2022,542,Terra,MODIS,61,6.03,297.2,8.4,D,0,267
21.0758,85.0432,308.4,1,1,25-09-2022,446,Terra,MODIS,58,6.03,278.1,5.2,D,2,268
29.459,76.8666,329.4,1,1,26-09-2022,527,Terra,MODIS,83,6.03,297.1,22.8,D,0,269
23.7781,86.21,316.1,1.2,1.1,27-09-2022,433,Terra,MODIS,59,6.03,295.4,8.2,D,2,270
26.6431,79.4786,314.1,1,1,28-09-2022,515,Terra,MODIS,52,6.03,300,5.8,D,2,271
23.7704,86.3951,317.2,1.8,1.3,29-09-2022,421,Terra,MODIS,37,6.03,292.8,14.1,D,2,272
26.637,79.4834,313.9,1.1,1.1,30-09-2022,503,Terra,MODIS,48,6.03,299.9,7,D,2,273
27.8006,95.5452,320.6,1,1,01-10-2022,407,Terra,MODIS,71,6.03,303.9,10.1,D,0,274
21.0809,85.0376,314.8,1,1,02-10-2022,452,Terra,MODIS,59,6.03,293,7.4,D,2,275
21.1054,72.648,322,1,1,03-10-2022,535,Terra,MODIS,0,6.03,301.5,9.9,D,2,276
29.9118,74.9558,306.9,1.2,1.1,04-10-2022,2110,Aqua,MODIS,70,6.03,295.2,8.7,N,0,277
31.3086,75.3342,313,1.2,1.1,05-10-2022,520,Terra,MODIS,41,6.03,302.9,6.5,D,0,278
23.6925,87.1198,311.1,1.3,1.1,06-10-2022,427,Terra,MODIS,43,6.03,291.9,7.4,D,2,279
29.586,76.868,316.1,1.4,1.2,07-10-2022,508,Terra,MODIS,68,6.03,295.5,13.5,D,0,280
23.7719,86.3892,318.5,2.3,1.5,08-10-2022,414,Terra,MODIS,46,6.03,295.8,25.5,D,2,281
23.7976,87.053,316.3,1.4,1.2,09-10-2022,457,Terra,MODIS,62,6.03,298.8,10.7,D,2,282
19.3782,73.2014,311.6,1.1,1.1,10-10-2022,541,Terra,MODIS,54,6.03,292,6,D,0,283
20.3563,85.4171,313.3,1.5,1.2,11-10-2022,728,Aqua,MODIS,58,6.03,296.4,12.5,D,0,284
10.4828,77.9419,314.9,1.4,1.2,12-10-2022,809,Aqua,MODIS,55,6.03,295.8,7.9,D,0,285
31.509,75.1247,313.8,3,1.6,13-10-2022,857,Aqua,MODIS,54,6.03,299.1,23.2,D,0,286
9.1758,77.9986,319.3,2.5,1.5,14-10-2022,755,Aqua,MODIS,27,6.03,294.3,29.8,D,0,287
20.3995,85.5165,312.4,4.5,2,15-10-2022,703,Aqua,MODIS,41,6.03,292.3,58.9,D,0,288
20.9746,83.0803,315.7,1.2,1.1,16-10-2022,745,Aqua,MODIS,68,6.03,297.5,10.1,D,0,289
12.9926,80.0085,310.4,1.3,1.1,17-10-2022,826,Aqua,MODIS,34,6.03,284.8,5.7,D,2,290
20.959,86.009,325.3,1.2,1.1,18-10-2022,732,Aqua,MODIS,80,6.03,299.3,21.4,D,2,291
27.939,96.6525,305.1,1.5,1.2,19-10-2022,638,Aqua,MODIS,58,6.03,292.4,10.7,D,0,292
23.6905,87.1043,311.8,1.5,1.2,20-10-2022,720,Aqua,MODIS,57,6.03,300.6,7.6,D,2,293
14.4002,80.1275,319.8,1.2,1.1,21-10-2022,800,Aqua,MODIS,72,6.03,297,12,D,0,294
20.827,86.95,312,3,1.6,22-10-2022,707,Aqua,MODIS,0,6.03,296.5,31.6,D,0,295
15.8697,78.2263,317,2.7,1.6,23-10-2022,748,Aqua,MODIS,65,6.03,304.6,29.8,D,0,296
31.8465,74.6574,312.3,1,1,24-10-2022,536,Terra,MODIS,58,6.03,300.5,5.1,D,0,297
23.774,86.2104,315.6,1,1,25-10-2022,441,Terra,MODIS,67,6.03,302.5,8.3,D,2,298
31.7149,75.3307,311.8,1.2,1.1,26-10-2022,520,Terra,MODIS,61,6.03,299.6,6.8,D,0,299
23.6787,86.0882,310.2,1.5,1.2,27-10-2022,425,Terra,MODIS,50,6.03,298.4,6.7,D,2,300
30.4685,77.6771,312.6,1.4,1.2,28-10-2022,505,Terra,MODIS,69,6.03,297.6,11.5,D,0,301
27.3147,95.263,307.6,1,1,29-10-2022,408,Terra,MODIS,59,6.03,297.6,3.9,D,0,302
23.6922,87.1209,317.1,1.2,1.1,30-10-2022,451,Terra,MODIS,67,6.03,305.1,10.3,D,2,303
30.6595,76.4513,310.1,1,1,31-10-2022,530,Terra,MODIS,55,6.03,299.5,3.8,D,0,304
26.6438,79.4866,308.1,3.3,1.7,01-11-2022,434,Terra,MODIS,19,6.03,296.3,24.9,D,2,305
31.1753,75.7901,309.6,1.3,1.1,02-11-2022,514,Terra,MODIS,59,6.03,297.2,6.5,D,0,306
23.6849,86.4014,312.3,1.8,1.3,03-11-2022,419,Terra,MODIS,60,6.03,300.4,13.8,D,2,307
28.3219,80.0409,309.7,1.2,1.1,04-11-2022,459,Terra,MODIS,56,6.03,297.6,5.6,D,0,308
27.4719,95.4233,308.4,1.1,1,05-11-2022,402,Terra,MODIS,63,6.03,296.6,4.7,D,0,309
25.4108,85.3426,312.4,1,1,06-11-2022,444,Terra,MODIS,57,6.03,297.5,5.7,D,0,310
30.4874,74.1015,312.3,1.2,1.1,07-11-2022,524,Terra,MODIS,62,6.03,296.7,8.1,D,0,311
26.6496,92.192,314.6,1.1,1,08-11-2022,428,Terra,MODIS,71,6.03,296.8,8.4,D,0,312
25.5704,76.5514,317,1.2,1.1,09-11-2022,510,Terra,MODIS,68,6.03,298.8,11,D,0,313
27.3185,95.2659,308.9,1,1,10-11-2022,412,Terra,MODIS,65,6.03,295.9,5.2,D,0,314
23.6785,86.0895,313.6,1.2,1.1,11-11-2022,454,Terra,MODIS,67,6.03,300.3,8.9,D,2,315
28.0925,96.3734,300.1,1.1,1.1,12-11-2022,356,Terra,MODIS,15,6.03,288.7,5.8,D,0,316
26.7183,93.5278,307.5,1.7,1.3,13-11-2022,437,Terra,MODIS,49,6.03,296.1,12.6,D,0,317
30.455,76.175,313,1.1,1.1,14-11-2022,518,Terra,MODIS,44,6.03,295.3,7.9,D,0,318
27.3188,95.2626,306,1.2,1.1,15-11-2022,421,Terra,MODIS,58,6.03,295.1,4.6,D,0,319
25.8573,78.0083,315.1,1.3,1.1,16-11-2022,503,Terra,MODIS,65,6.03,299.8,8.3,D,0,320
27.3143,95.267,308.3,1,1,17-11-2022,406,Terra,MODIS,66,6.03,294.5,5.3,D,0,321
24.8762,85.0676,313.3,1,1,18-11-2022,448,Terra,MODIS,67,6.03,299.9,6.4,D,0,322
29.3149,77.0626,310.3,1,1,19-11-2022,528,Terra,MODIS,57,6.03,294.6,5,D,0,323
26.0306,91.1625,312,1.1,1,20-11-2022,431,Terra,MODIS,68,6.03,296.5,8.5,D,0,324
27.5069,80.439,309.6,1,1,21-11-2022,512,Terra,MODIS,53,6.03,298.7,4.5,D,0,325
26.9019,94.1695,309.2,1,1,22-11-2022,415,Terra,MODIS,0,6.03,298.7,5.5,D,0,326
23.6798,86.4081,308.4,1.4,1.2,23-11-2022,457,Terra,MODIS,43,6.03,297.3,7.4,D,2,327
23.9082,93.3092,304.3,1.3,1.1,24-11-2022,400,Terra,MODIS,52,6.03,292.8,7.1,D,0,328
25.2506,83.7235,306.4,1.2,1.1,25-11-2022,441,Terra,MODIS,48,6.03,296.3,4.9,D,0,329
31.4301,77.3942,316.6,1,1,26-11-2022,521,Terra,MODIS,76,6.03,294.8,13.7,D,0,330
23.7932,86.3526,315.5,1.4,1.2,27-11-2022,426,Terra,MODIS,51,6.03,299.4,11.5,D,2,331
31.0588,78.0722,302,1.3,1.1,28-11-2022,505,Terra,MODIS,50,6.03,290,8,D,0,332
27.4033,92.0367,300.1,1.2,1.1,29-11-2022,409,Terra,MODIS,19,6.03,285.8,6.7,D,0,333
30.7783,78.9296,313.5,2,1.4,30-11-2022,450,Terra,MODIS,43,6.03,288.8,32.4,D,0,334
27.4646,91.9114,303.4,2.3,1.5,01-12-2022,353,Terra,MODIS,55,6.03,283.7,22.7,D,0,335
27.596,92.2112,306.1,1.3,1.1,02-12-2022,434,Terra,MODIS,47,6.03,283.2,12.8,D,0,336
33.1366,76.0312,300.4,1.3,1.1,03-12-2022,514,Terra,MODIS,33,6.03,281.8,7.5,D,0,337
27.7272,96.2714,306.7,1.3,1.1,04-12-2022,418,Terra,MODIS,59,6.03,293.6,7.2,D,0,338
27.5658,81.6708,305.4,1,1,05-12-2022,500,Terra,MODIS,51,6.03,294.6,3.7,D,0,339
27.885,96.337,307.3,1,1,06-12-2022,402,Terra,MODIS,55,6.03,297,4.9,D,0,340
23.6902,86.3927,309.4,1,1,07-12-2022,445,Terra,MODIS,0,6.03,298.2,6,D,2,341
27.9353,96.9651,300.5,1.3,1.1,08-12-2022,347,Terra,MODIS,37,6.03,286.3,8,D,0,342
27.9954,96.2269,316.6,1.8,1.3,09-12-2022,428,Terra,MODIS,77,6.03,291.8,31.8,D,0,343
30.1461,80.1959,310.5,1,1,10-12-2022,509,Terra,MODIS,64,6.03,290.2,10.6,D,0,344
28.8971,95.826,309.6,1,1,11-12-2022,412,Terra,MODIS,69,6.03,288.2,10.9,D,0,345
30.3877,79.4417,304.1,1.6,1.2,12-12-2022,453,Terra,MODIS,54,6.03,293.8,13.8,D,0,346
28.4173,96.6531,300.2,1.1,1,13-12-2022,356,Terra,MODIS,15,6.03,286.7,5.7,D,0,347
30.1515,80.222,316.9,2.6,1.6,14-12-2022,437,Terra,MODIS,54,6.03,300.1,51.3,D,0,348
30.4093,75.9475,303.9,1.1,1.1,15-12-2022,518,Terra,MODIS,57,6.03,290.2,6,D,0,349
28.1223,95.5659,315.5,1.3,1.1,16-12-2022,421,Terra,MODIS,76,6.03,292.8,17.8,D,0,350
26.5392,95.0812,302.1,4.2,1.9,17-12-2022,325,Terra,MODIS,50,6.03,287.4,41.1,D,0,351
27.4713,95.4241,304,1,1,18-12-2022,406,Terra,MODIS,58,6.03,293.5,3.5,D,0,352
29.9093,74.9271,305.7,4.1,1.9,19-12-2022,447,Terra,MODIS,58,6.03,285.1,58.7,D,0,353
27.6371,74.416,311.1,1,1,20-12-2022,528,Terra,MODIS,48,6.03,299.3,4.3,D,0,354
30.118,80.3111,307.4,3.3,1.7,21-12-2022,431,Terra,MODIS,64,6.03,290.9,41,D,0,355
30.8163,77.6691,305.5,1.1,1,22-12-2022,512,Terra,MODIS,40,6.03,289.9,7.6,D,0,356
26.72,93.3726,302.9,1,1,23-12-2022,415,Terra,MODIS,0,6.03,287.9,2.9,D,0,357
31.1354,78.0576,302.4,1.8,1.3,24-12-2022,456,Terra,MODIS,27,6.03,290.3,15.8,D,0,358
29.9828,80.6003,300.9,2.2,1.4,25-12-2022,537,Terra,MODIS,42,6.03,286.4,20.6,D,0,359
25.4068,87.4647,301.8,1,1,26-12-2022,441,Terra,MODIS,20,6.03,289.5,3.2,D,0,360
29.9109,74.9563,327.5,1.1,1.1,27-12-2022,521,Terra,MODIS,80,6.03,284.5,30.4,D,0,361
23.8028,86.3255,312.7,1.3,1.1,28-12-2022,426,Terra,MODIS,55,6.03,299,11.6,D,2,362
22.1004,81.98,308.7,1.2,1.1,29-12-2022,507,Terra,MODIS,56,6.03,298.3,4.8,D,0,363
26.6878,93.3218,301.2,1,1,30-12-2022,409,Terra,MODIS,0,6.03,291.1,4.3,D,0,364
23.8012,87.0499,309.1,1.3,1.1,31-12-2022,451,Terra,MODIS,64,6.03,297.4,8.8,D,2,365
